-- INSERTS PARA CADA TABLA EN EL PROYECTO DE CONCIERTOS

-- Inserts para la tabla artistas
INSERT INTO artista (nombre, alias, genero, pais, biografia) VALUES
  ('Artista_1',  'Alias_1',  'Metal',       'MX', 'Biografía de Artista_1.'),
  ('Artista_2',  'Alias_2',  'Indie',       'GT', 'Biografía de Artista_2.'),
  ('Artista_3',  'Alias_3',  'Jazz',        'ES', 'Biografía de Artista_3.'),
  ('Artista_4',  'Alias_4',  'Pop',         'CO', 'Biografía de Artista_4.'),
  ('Artista_5',  'Alias_5',  'Electronica', 'GT', 'Biografía de Artista_5.'),
  ('Artista_6',  'Alias_6',  'Rock',        'AR', 'Biografía de Artista_6.'),
  ('Artista_7',  'Alias_7',  'Jazz',        'MX', 'Biografía de Artista_7.'),
  ('Artista_8',  'Alias_8',  'Rock',        'GT', 'Biografía de Artista_8.'),
  ('Artista_9',  'Alias_9',  'Pop',         'US', 'Biografía de Artista_9.'),
  ('Artista_10', 'Alias_10', 'Pop',         'MX', 'Biografía de Artista_10.'),
  ('Artista_11', 'Alias_11', 'Jazz',        'GT', 'Biografía de Artista_11.'),
  ('Artista_12', 'Alias_12', 'Clásica',     'AR', 'Biografía de Artista_12.'),
  ('Artista_13', 'Alias_13', 'Electronica', 'MX', 'Biografía de Artista_13.'),
  ('Artista_14', 'Alias_14', 'Reggaeton',   'US', 'Biografía de Artista_14.'),
  ('Artista_15', 'Alias_15', 'Electronica', 'CO', 'Biografía de Artista_15.'),
  ('Artista_16', 'Alias_16', 'Metal',       'GT', 'Biografía de Artista_16.'),
  ('Artista_17', 'Alias_17', 'Indie',       'ES', 'Biografía de Artista_17.'),
  ('Artista_18', 'Alias_18', 'Metal',       'AR', 'Biografía de Artista_18.'),
  ('Artista_19', 'Alias_19', 'Metal',       'MX', 'Biografía de Artista_19.'),
  ('Artista_20', 'Alias_20', 'Indie',       'US', 'Biografía de Artista_20.'),
  ('Artista_21', 'Alias_21', 'Metal',       'ES', 'Biografía de Artista_21.'),
  ('Artista_22', 'Alias_22', 'Rock',        'CO', 'Biografía de Artista_22.'),
  ('Artista_23', 'Alias_23', 'Metal',       'GT', 'Biografía de Artista_23.'),
  ('Artista_24', 'Alias_24', 'Indie',       'MX', 'Biografía de Artista_24.'),
  ('Artista_25', 'Alias_25', 'Pop',         'US', 'Biografía de Artista_25.'),
  ('Artista_26', 'Alias_26', 'Clásica',     'AR', 'Biografía de Artista_26.'),
  ('Artista_27', 'Alias_27', 'Reggaeton',   'ES', 'Biografía de Artista_27.'),
  ('Artista_28', 'Alias_28', 'Jazz',        'CO', 'Biografía de Artista_28.'),
  ('Artista_29', 'Alias_29', 'Pop',         'GT', 'Biografía de Artista_29.'),
  ('Artista_30', 'Alias_30', 'Clásica',     'MX', 'Biografía de Artista_30.'),
  ('Artista_31', 'Alias_31', 'Reggaeton',   'AR', 'Biografía de Artista_31.'),
  ('Artista_32', 'Alias_32', 'Jazz',        'CO', 'Biografía de Artista_32.'),
  ('Artista_33', 'Alias_33', 'Electronica', 'GT', 'Biografía de Artista_33.'),
  ('Artista_34', 'Alias_34', 'Clásica',     'US', 'Biografía de Artista_34.'),
  ('Artista_35', 'Alias_35', 'Indie',       'ES', 'Biografía de Artista_35.'),
  ('Artista_36', 'Alias_36', 'Metal',       'AR', 'Biografía de Artista_36.'),
  ('Artista_37', 'Alias_37', 'Reggaeton',   'MX', 'Biografía de Artista_37.'),
  ('Artista_38', 'Alias_38', 'Pop',         'GT', 'Biografía de Artista_38.'),
  ('Artista_39', 'Alias_39', 'Rock',        'CO', 'Biografía de Artista_39.'),
  ('Artista_40', 'Alias_40', 'Pop',         'ES', 'Biografía de Artista_40.'),
  ('Artista_41', 'Alias_41', 'Reggaeton',   'GT', 'Biografía de Artista_41.'),
  ('Artista_42', 'Alias_42', 'Rock',        'US', 'Biografía de Artista_42.'),
  ('Artista_43', 'Alias_43', 'Electronica', 'CO', 'Biografía de Artista_43.'),
  ('Artista_44', 'Alias_44', 'Pop',         'MX', 'Biografía de Artista_44.'),
  ('Artista_45', 'Alias_45', 'Jazz',        'GT', 'Biografía de Artista_45.'),
  ('Artista_46', 'Alias_46', 'Metal',       'AR', 'Biografía de Artista_46.'),
  ('Artista_47', 'Alias_47', 'Indie',       'US', 'Biografía de Artista_47.'),
  ('Artista_48', 'Alias_48', 'Jazz',        'CO', 'Biografía de Artista_48.'),
  ('Artista_49', 'Alias_49', 'Clásica',     'MX', 'Biografía de Artista_49.'),
  ('Artista_50', 'Alias_50', 'Electronica', 'ES', 'Biografía de Artista_50.');

-- Inserts para la tabla banda
INSERT INTO banda (nombre, anio_formacion, genero_principal) VALUES
  ('Banda_1',  2008, 'Clásica'),
  ('Banda_2',  1997, 'Pop'),
  ('Banda_3',  1985, 'Jazz'),
  ('Banda_4',  2006, 'Pop'),
  ('Banda_5',  2000, 'Reggaeton'),
  ('Banda_6',  2015, 'Indie'),
  ('Banda_7',  2005, 'Electronica'),
  ('Banda_8',  1991, 'Clásica'),
  ('Banda_9',  2002, 'Metal'),
  ('Banda_10', 2023, 'Reggaeton'),
  ('Banda_11', 1989, 'Electronica'),
  ('Banda_12', 1986, 'Rock'),
  ('Banda_13', 2009, 'Metal'),
  ('Banda_14', 1999, 'Reggaeton'),
  ('Banda_15', 2011, 'Jazz'),
  ('Banda_16', 1995, 'Indie'),
  ('Banda_17', 1984, 'Rock'),
  ('Banda_18', 2004, 'Pop'),
  ('Banda_19', 1993, 'Electronica'),
  ('Banda_20', 2020, 'Jazz'),
  ('Banda_21', 2001, 'Rock'),
  ('Banda_22', 2005, 'Reggaeton'),
  ('Banda_23', 2014, 'Metal'),
  ('Banda_24', 1992, 'Pop'),
  ('Banda_25', 2025, 'Indie'),
  ('Banda_26', 2007, 'Clásica'),
  ('Banda_27', 1994, 'Electronica'),
  ('Banda_28', 1988, 'Metal'),
  ('Banda_29', 2010, 'Jazz'),
  ('Banda_30', 2018, 'Pop'),
  ('Banda_31', 2003, 'Reggaeton'),
  ('Banda_32', 1990, 'Rock'),
  ('Banda_33', 1982, 'Electronica'),
  ('Banda_34', 2021, 'Metal'),
  ('Banda_35', 1998, 'Indie'),
  ('Banda_36', 2002, 'Jazz'),
  ('Banda_37', 1983, 'Clásica'),
  ('Banda_38', 2012, 'Rock'),
  ('Banda_39', 2009, 'Pop'),
  ('Banda_40', 1987, 'Reggaeton'),
  ('Banda_41', 2016, 'Electronica'),
  ('Banda_42', 1996, 'Metal'),
  ('Banda_43', 2000, 'Rock'),
  ('Banda_44', 2019, 'Jazz'),
  ('Banda_45', 1991, 'Pop'),
  ('Banda_46', 2007, 'Reggaeton'),
  ('Banda_47', 1986, 'Indie'),
  ('Banda_48', 1999, 'Clásica'),
  ('Banda_49', 2013, 'Electronica'),
  ('Banda_50', 1994, 'Rock');


-- Inserts para la tabla miembrobanda
INSERT INTO miembrobanda (artista_id, banda_id) VALUES
  (40, 33), (7, 8),  (21, 5),  (38, 41), (20, 39),
  (3, 9),   (49, 49),(14, 12), (26, 29), (15, 18),
  (13, 22), (42, 27),(2, 32),  (45, 28), (9, 24),
  (47, 31), (17, 3), (30, 2),  (12, 34), (19, 49),
  (28, 42), (46, 5), (32, 47), (22, 36), (44, 16),
  (18, 21), (11, 15),(35, 7),  (8, 44),  (41, 1),
  (48, 25), (1, 13), (43, 23), (5, 11),  (24, 17),
  (6, 35),  (10, 19),(4, 4),   (39, 14), (23, 20),
  (37, 32), (25, 6), (16, 10), (36, 30), (34, 45),
  (27, 26), (33, 40);


-- Inserts para la tabla ubicacion
INSERT INTO ubicacion (ciudad, pais, direccion) VALUES
  ('Ciudad_1',  'GT', 'Dirección 1, Calle Principal'),
  ('Ciudad_2',  'MX', 'Dirección 2, Calle Principal'),
  ('Ciudad_3',  'US', 'Dirección 3, Calle Principal'),
  ('Ciudad_4',  'AR', 'Dirección 4, Calle Principal'),
  ('Ciudad_5',  'CO', 'Dirección 5, Calle Principal'),
  ('Ciudad_6',  'ES', 'Dirección 6, Calle Principal'),
  ('Ciudad_7',  'GT', 'Dirección 7, Calle Principal'),
  ('Ciudad_8',  'MX', 'Dirección 8, Calle Principal'),
  ('Ciudad_9',  'US', 'Dirección 9, Calle Principal'),
  ('Ciudad_10', 'AR', 'Dirección 10, Calle Principal'),
  ('Ciudad_11', 'CO', 'Dirección 11, Calle Principal'),
  ('Ciudad_12', 'ES', 'Dirección 12, Calle Principal'),
  ('Ciudad_13', 'GT', 'Dirección 13, Calle Principal'),
  ('Ciudad_14', 'MX', 'Dirección 14, Calle Principal'),
  ('Ciudad_15', 'US', 'Dirección 15, Calle Principal'),
  ('Ciudad_16', 'AR', 'Dirección 16, Calle Principal'),
  ('Ciudad_17', 'CO', 'Dirección 17, Calle Principal'),
  ('Ciudad_18', 'ES', 'Dirección 18, Calle Principal'),
  ('Ciudad_19', 'GT', 'Dirección 19, Calle Principal'),
  ('Ciudad_20', 'MX', 'Dirección 20, Calle Principal'),
  ('Ciudad_21', 'US', 'Dirección 21, Calle Principal'),
  ('Ciudad_22', 'AR', 'Dirección 22, Calle Principal'),
  ('Ciudad_23', 'CO', 'Dirección 23, Calle Principal'),
  ('Ciudad_24', 'ES', 'Dirección 24, Calle Principal'),
  ('Ciudad_25', 'GT', 'Dirección 25, Calle Principal'),
  ('Ciudad_26', 'MX', 'Dirección 26, Calle Principal'),
  ('Ciudad_27', 'US', 'Dirección 27, Calle Principal'),
  ('Ciudad_28', 'AR', 'Dirección 28, Calle Principal'),
  ('Ciudad_29', 'CO', 'Dirección 29, Calle Principal'),
  ('Ciudad_30', 'ES', 'Dirección 30, Calle Principal'),
  ('Ciudad_31', 'GT', 'Dirección 31, Calle Principal'),
  ('Ciudad_32', 'MX', 'Dirección 32, Calle Principal'),
  ('Ciudad_33', 'US', 'Dirección 33, Calle Principal'),
  ('Ciudad_34', 'AR', 'Dirección 34, Calle Principal'),
  ('Ciudad_35', 'CO', 'Dirección 35, Calle Principal'),
  ('Ciudad_36', 'ES', 'Dirección 36, Calle Principal'),
  ('Ciudad_37', 'GT', 'Dirección 37, Calle Principal'),
  ('Ciudad_38', 'MX', 'Dirección 38, Calle Principal'),
  ('Ciudad_39', 'US', 'Dirección 39, Calle Principal'),
  ('Ciudad_40', 'AR', 'Dirección 40, Calle Principal'),
  ('Ciudad_41', 'CO', 'Dirección 41, Calle Principal'),
  ('Ciudad_42', 'ES', 'Dirección 42, Calle Principal'),
  ('Ciudad_43', 'GT', 'Dirección 43, Calle Principal'),
  ('Ciudad_44', 'MX', 'Dirección 44, Calle Principal'),
  ('Ciudad_45', 'US', 'Dirección 45, Calle Principal'),
  ('Ciudad_46', 'AR', 'Dirección 46, Calle Principal'),
  ('Ciudad_47', 'CO', 'Dirección 47, Calle Principal'),
  ('Ciudad_48', 'ES', 'Dirección 48, Calle Principal'),
  ('Ciudad_49', 'GT', 'Dirección 49, Calle Principal'),
  ('Ciudad_50', 'MX', 'Dirección 50, Calle Principal');

-- Inserts para la tabla evento
INSERT INTO evento (nombre, fecha, ubicacion_id, descripcion) VALUES
  ('Evento_1',  '2022-01-01', 1,  'Descripción del evento 1.'),
  ('Evento_2',  '2022-01-02', 2,  'Descripción del evento 2.'),
  ('Evento_3',  '2022-01-03', 3,  'Descripción del evento 3.'),
  ('Evento_4',  '2022-01-04', 4,  'Descripción del evento 4.'),
  ('Evento_5',  '2022-01-05', 5,  'Descripción del evento 5.'),
  ('Evento_6',  '2022-01-06', 6,  'Descripción del evento 6.'),
  ('Evento_7',  '2022-01-07', 7,  'Descripción del evento 7.'),
  ('Evento_8',  '2022-01-08', 8,  'Descripción del evento 8.'),
  ('Evento_9',  '2022-01-09', 9,  'Descripción del evento 9.'),
  ('Evento_10', '2022-01-10',10,  'Descripción del evento 10.'),
  ('Evento_11', '2022-01-11',11,  'Descripción del evento 11.'),
  ('Evento_12', '2022-01-12',12,  'Descripción del evento 12.'),
  ('Evento_13', '2022-01-13',13,  'Descripción del evento 13.'),
  ('Evento_14', '2022-01-14',14,  'Descripción del evento 14.'),
  ('Evento_15', '2022-01-15',15,  'Descripción del evento 15.'),
  ('Evento_16', '2022-01-16',16,  'Descripción del evento 16.'),
  ('Evento_17', '2022-01-17',17,  'Descripción del evento 17.'),
  ('Evento_18', '2022-01-18',18,  'Descripción del evento 18.'),
  ('Evento_19', '2022-01-19',19,  'Descripción del evento 19.'),
  ('Evento_20', '2022-01-20',20,  'Descripción del evento 20.'),
  ('Evento_21', '2022-01-21',21,  'Descripción del evento 21.'),
  ('Evento_22', '2022-01-22',22,  'Descripción del evento 22.'),
  ('Evento_23', '2022-01-23',23,  'Descripción del evento 23.'),
  ('Evento_24', '2022-01-24',24,  'Descripción del evento 24.'),
  ('Evento_25', '2022-01-25',25,  'Descripción del evento 25.'),
  ('Evento_26', '2022-01-26',26,  'Descripción del evento 26.'),
  ('Evento_27', '2022-01-27',27,  'Descripción del evento 27.'),
  ('Evento_28', '2022-01-28',28,  'Descripción del evento 28.'),
  ('Evento_29', '2022-01-29',29,  'Descripción del evento 29.'),
  ('Evento_30', '2022-01-30',30,  'Descripción del evento 30.'),
  ('Evento_31', '2022-01-31',31,  'Descripción del evento 31.'),
  ('Evento_32', '2022-02-01',32,  'Descripción del evento 32.'),
  ('Evento_33', '2022-02-02',33,  'Descripción del evento 33.'),
  ('Evento_34', '2022-02-03',34,  'Descripción del evento 34.'),
  ('Evento_35', '2022-02-04',35,  'Descripción del evento 35.'),
  ('Evento_36', '2022-02-05',36,  'Descripción del evento 36.'),
  ('Evento_37', '2022-02-06',37,  'Descripción del evento 37.'),
  ('Evento_38', '2022-02-07',38,  'Descripción del evento 38.'),
  ('Evento_39', '2022-02-08',39,  'Descripción del evento 39.'),
  ('Evento_40', '2022-02-09',40,  'Descripción del evento 40.'),
  ('Evento_41', '2022-02-10',41,  'Descripción del evento 41.'),
  ('Evento_42', '2022-02-11',42,  'Descripción del evento 42.'),
  ('Evento_43', '2022-02-12',43,  'Descripción del evento 43.'),
  ('Evento_44', '2022-02-13',44,  'Descripción del evento 44.'),
  ('Evento_45', '2022-02-14',45,  'Descripción del evento 45.'),
  ('Evento_46', '2022-02-15',46,  'Descripción del evento 46.'),
  ('Evento_47', '2022-02-16',47,  'Descripción del evento 47.'),
  ('Evento_48', '2022-02-17',48,  'Descripción del evento 48.'),
  ('Evento_49', '2022-02-18',49,  'Descripción del evento 49.'),
  ('Evento_50', '2022-02-19',50,  'Descripción del evento 50.');

-- Inserts para la tabla concierto
INSERT INTO concierto (id, hora_inicio) VALUES
  (1,  '10:15:00'),
  (2,  '11:30:00'),
  (3,  '12:45:00'),
  (4,  '14:00:00'),
  (5,  '15:15:00'),
  (6,  '16:30:00'),
  (7,  '17:45:00'),
  (8,  '19:00:00'),
  (9,  '20:15:00'),
  (10, '21:30:00'),
  (11, '10:15:00'),
  (12, '11:30:00'),
  (13, '12:45:00'),
  (14, '14:00:00'),
  (15, '15:15:00'),
  (16, '16:30:00'),
  (17, '17:45:00'),
  (18, '19:00:00'),
  (19, '20:15:00'),
  (20, '21:30:00'),
  (21, '10:15:00'),
  (22, '11:30:00'),
  (23, '12:45:00'),
  (24, '14:00:00'),
  (25, '15:15:00'),
  (26, '16:30:00'),
  (27, '17:45:00'),
  (28, '19:00:00'),
  (29, '20:15:00'),
  (30, '21:30:00'),
  (31, '10:15:00'),
  (32, '11:30:00'),
  (33, '12:45:00'),
  (34, '14:00:00'),
  (35, '15:15:00'),
  (36, '16:30:00'),
  (37, '17:45:00'),
  (38, '19:00:00'),
  (39, '20:15:00'),
  (40, '21:30:00'),
  (41, '10:15:00'),
  (42, '11:30:00'),
  (43, '12:45:00'),
  (44, '14:00:00'),
  (45, '15:15:00'),
  (46, '16:30:00'),
  (47, '17:45:00'),
  (48, '19:00:00'),
  (49, '20:15:00'),
  (50, '21:30:00');

-- Inserts para la tabla festival
INSERT INTO festival (id, duracion_dias) VALUES
  (1, 1),  (2, 2),  (3, 3),  (4, 4),  (5, 5),
  (6, 6),  (7, 7),  (8, 1),  (9, 2),  (10, 3),
  (11, 4), (12, 5), (13, 6), (14, 7), (15, 1),
  (16, 2), (17, 3), (18, 4), (19, 5), (20, 6),
  (21, 7), (22, 1), (23, 2), (24, 3), (25, 4),
  (26, 5), (27, 6), (28, 7), (29, 1), (30, 2),
  (31, 3), (32, 4), (33, 5), (34, 6), (35, 7),
  (36, 1), (37, 2), (38, 3), (39, 4), (40, 5),
  (41, 6), (42, 7), (43, 1), (44, 2), (45, 3),
  (46, 4), (47, 5), (48, 6), (49, 7), (50, 1);

-- Inserts para la tabla escenario
INSERT INTO escenario (nombre, capacidad, ubicacion_id) VALUES
  ('Escenario_1',   200,  1),   ('Escenario_2',   300,  2),
  ('Escenario_3',   400,  3),   ('Escenario_4',   500,  4),
  ('Escenario_5',   600,  5),   ('Escenario_6',   700,  6),
  ('Escenario_7',   800,  7),   ('Escenario_8',   900,  8),
  ('Escenario_9',   1000, 9),   ('Escenario_10', 1100, 10),
  ('Escenario_11', 1200, 11),  ('Escenario_12', 1300, 12),
  ('Escenario_13', 1400, 13),  ('Escenario_14', 1500, 14),
  ('Escenario_15', 1600, 15),  ('Escenario_16', 1700, 16),
  ('Escenario_17', 1800, 17),  ('Escenario_18', 1900, 18),
  ('Escenario_19', 2000, 19),  ('Escenario_20', 2100, 20),
  ('Escenario_21', 2200, 21),  ('Escenario_22', 2300, 22),
  ('Escenario_23', 2400, 23),  ('Escenario_24', 2500, 24),
  ('Escenario_25', 2600, 25),  ('Escenario_26', 2700, 26),
  ('Escenario_27', 2800, 27),  ('Escenario_28', 2900, 28),
  ('Escenario_29', 3000, 29),  ('Escenario_30', 3100, 30),
  ('Escenario_31', 3200, 31),  ('Escenario_32', 3300, 32),
  ('Escenario_33', 3400, 33),  ('Escenario_34', 3500, 34),
  ('Escenario_35', 3600, 35),  ('Escenario_36', 3700, 36),
  ('Escenario_37', 3800, 37),  ('Escenario_38', 3900, 38),
  ('Escenario_39', 4000, 39),  ('Escenario_40', 4100, 40),
  ('Escenario_41', 4200, 41),  ('Escenario_42', 4300, 42),
  ('Escenario_43', 4400, 43),  ('Escenario_44', 4500, 44),
  ('Escenario_45', 4600, 45),  ('Escenario_46', 4700, 46),
  ('Escenario_47', 4800, 47),  ('Escenario_48', 4900, 48),
  ('Escenario_49', 5000, 49),  ('Escenario_50', 5100, 50);

-- Inserts para la tabla patrocinador
INSERT INTO patrocinador (nombre, tipo) VALUES
  ('Patrocinador_1',  'Tipo_1'),
  ('Patrocinador_2',  'Tipo_2'),
  ('Patrocinador_3',  'Tipo_3'),
  ('Patrocinador_4',  'Tipo_4'),
  ('Patrocinador_5',  'Tipo_5'),
  ('Patrocinador_6',  'Tipo_1'),
  ('Patrocinador_7',  'Tipo_2'),
  ('Patrocinador_8',  'Tipo_3'),
  ('Patrocinador_9',  'Tipo_4'),
  ('Patrocinador_10', 'Tipo_5'),
  ('Patrocinador_11', 'Tipo_1'),
  ('Patrocinador_12', 'Tipo_2'),
  ('Patrocinador_13', 'Tipo_3'),
  ('Patrocinador_14', 'Tipo_4'),
  ('Patrocinador_15', 'Tipo_5'),
  ('Patrocinador_16', 'Tipo_1'),
  ('Patrocinador_17', 'Tipo_2'),
  ('Patrocinador_18', 'Tipo_3'),
  ('Patrocinador_19', 'Tipo_4'),
  ('Patrocinador_20', 'Tipo_5'),
  ('Patrocinador_21', 'Tipo_1'),
  ('Patrocinador_22', 'Tipo_2'),
  ('Patrocinador_23', 'Tipo_3'),
  ('Patrocinador_24', 'Tipo_4'),
  ('Patrocinador_25', 'Tipo_5'),
  ('Patrocinador_26', 'Tipo_1'),
  ('Patrocinador_27', 'Tipo_2'),
  ('Patrocinador_28', 'Tipo_3'),
  ('Patrocinador_29', 'Tipo_4'),
  ('Patrocinador_30', 'Tipo_5'),
  ('Patrocinador_31', 'Tipo_1'),
  ('Patrocinador_32', 'Tipo_2'),
  ('Patrocinador_33', 'Tipo_3'),
  ('Patrocinador_34', 'Tipo_4'),
  ('Patrocinador_35', 'Tipo_5'),
  ('Patrocinador_36', 'Tipo_1'),
  ('Patrocinador_37', 'Tipo_2'),
  ('Patrocinador_38', 'Tipo_3'),
  ('Patrocinador_39', 'Tipo_4'),
  ('Patrocinador_40', 'Tipo_5'),
  ('Patrocinador_41', 'Tipo_1'),
  ('Patrocinador_42', 'Tipo_2'),
  ('Patrocinador_43', 'Tipo_3'),
  ('Patrocinador_44', 'Tipo_4'),
  ('Patrocinador_45', 'Tipo_5'),
  ('Patrocinador_46', 'Tipo_1'),
  ('Patrocinador_47', 'Tipo_2'),
  ('Patrocinador_48', 'Tipo_3'),
  ('Patrocinador_49', 'Tipo_4'),
  ('Patrocinador_50', 'Tipo_5');

-- Inserts para la tabla patrocinio
INSERT INTO patrocinio (patrocinador_id, evento_id) VALUES
  (1,  1),  (2,  2),  (3,  3),  (4,  4),  (5,  5),
  (6,  6),  (7,  7),  (8,  8),  (9,  9),  (10, 10),
  (11, 11), (12, 12), (13, 13), (14, 14), (15, 15),
  (16, 16), (17, 17), (18, 18), (19, 19), (20, 20),
  (21, 21), (22, 22), (23, 23), (24, 24), (25, 25),
  (26, 26), (27, 27), (28, 28), (29, 29), (30, 30),
  (31, 31), (32, 32), (33, 33), (34, 34), (35, 35),
  (36, 36), (37, 37), (38, 38), (39, 39), (40, 40),
  (41, 41), (42, 42), (43, 43), (44, 44), (45, 45),
  (46, 46), (47, 47), (48, 48), (49, 49), (50, 50);

-- Inserts para la tabla entrada
INSERT INTO entrada (evento_id, tipo, precio, cantidad_disponible) VALUES
  (1,  'General',      50, 100),
  (2,  'VIP',          75, 200),
  (3,  'Preferencial', 100,150),
  (4,  'Backstage',    150,50),
  (5,  'General',      60, 120),
  (6,  'VIP',          80, 220),
  (7,  'Preferencial', 110,160),
  (8,  'Backstage',    160,55),
  (9,  'General',      65, 130),
  (10, 'VIP',          85, 230),
  (11, 'Preferencial', 120,170),
  (12, 'Backstage',    170,60),
  (13, 'General',      70, 140),
  (14, 'VIP',          90, 240),
  (15, 'Preferencial',130,180),
  (16, 'Backstage',   180,65),
  (17, 'General',     75, 150),
  (18, 'VIP',         95, 250),
  (19, 'Preferencial',140,190),
  (20, 'Backstage',   190,70),
  (21, 'General',     80, 160),
  (22, 'VIP',         100,260),
  (23, 'Preferencial',150,200),
  (24, 'Backstage',   200,75),
  (25, 'General',     85, 170),
  (26, 'VIP',         105,270),
  (27, 'Preferencial',160,210),
  (28, 'Backstage',   210,80),
  (29, 'General',     90, 180),
  (30, 'VIP',         110,280),
  (31, 'Preferencial',170,220),
  (32, 'Backstage',   220,85),
  (33, 'General',     95, 190),
  (34, 'VIP',         115,290),
  (35, 'Preferencial',180,230),
  (36, 'Backstage',   230,90),
  (37, 'General',     100,200),
  (38, 'VIP',         120,300),
  (39, 'Preferencial',190,240),
  (40, 'Backstage',   240,95),
  (41, 'General',     105,210),
  (42, 'VIP',         125,310),
  (43, 'Preferencial',200,250),
  (44, 'Backstage',   250,100),
  (45, 'General',     110,220),
  (46, 'VIP',         130,320),
  (47, 'Preferencial',210,260),
  (48, 'Backstage',   260,105),
  (49, 'General',     115,230),
  (50, 'VIP',         135,330);

-- Inserts para la tabla cliente
INSERT INTO cliente (nombre, email) VALUES
  ('Cliente_1',  'cliente1@example.com'),
  ('Cliente_2',  'cliente2@example.com'),
  ('Cliente_3',  'cliente3@example.com'),
  ('Cliente_4',  'cliente4@example.com'),
  ('Cliente_5',  'cliente5@example.com'),
  ('Cliente_6',  'cliente6@example.com'),
  ('Cliente_7',  'cliente7@example.com'),
  ('Cliente_8',  'cliente8@example.com'),
  ('Cliente_9',  'cliente9@example.com'),
  ('Cliente_10', 'cliente10@example.com'),
  ('Cliente_11', 'cliente11@example.com'),
  ('Cliente_12', 'cliente12@example.com'),
  ('Cliente_13', 'cliente13@example.com'),
  ('Cliente_14', 'cliente14@example.com'),
  ('Cliente_15', 'cliente15@example.com'),
  ('Cliente_16', 'cliente16@example.com'),
  ('Cliente_17', 'cliente17@example.com'),
  ('Cliente_18', 'cliente18@example.com'),
  ('Cliente_19', 'cliente19@example.com'),
  ('Cliente_20', 'cliente20@example.com'),
  ('Cliente_21', 'cliente21@example.com'),
  ('Cliente_22', 'cliente22@example.com'),
  ('Cliente_23', 'cliente23@example.com'),
  ('Cliente_24', 'cliente24@example.com'),
  ('Cliente_25', 'cliente25@example.com'),
  ('Cliente_26', 'cliente26@example.com'),
  ('Cliente_27', 'cliente27@example.com'),
  ('Cliente_28', 'cliente28@example.com'),
  ('Cliente_29', 'cliente29@example.com'),
  ('Cliente_30', 'cliente30@example.com'),
  ('Cliente_31', 'cliente31@example.com'),
  ('Cliente_32', 'cliente32@example.com'),
  ('Cliente_33', 'cliente33@example.com'),
  ('Cliente_34', 'cliente34@example.com'),
  ('Cliente_35', 'cliente35@example.com'),
  ('Cliente_36', 'cliente36@example.com'),
  ('Cliente_37', 'cliente37@example.com'),
  ('Cliente_38', 'cliente38@example.com'),
  ('Cliente_39', 'cliente39@example.com'),
  ('Cliente_40', 'cliente40@example.com'),
  ('Cliente_41', 'cliente41@example.com'),
  ('Cliente_42', 'cliente42@example.com'),
  ('Cliente_43', 'cliente43@example.com'),
  ('Cliente_44', 'cliente44@example.com'),
  ('Cliente_45', 'cliente45@example.com'),
  ('Cliente_46', 'cliente46@example.com'),
  ('Cliente_47', 'cliente47@example.com'),
  ('Cliente_48', 'cliente48@example.com'),
  ('Cliente_49', 'cliente49@example.com'),
  ('Cliente_50', 'cliente50@example.com');

-- Inserts para la tabla telefonocliente
INSERT INTO telefonocliente (cliente_id, numero) VALUES
  (1,  '+502 5555-1001'),  (2,  '+502 5555-1002'),
  (3,  '+502 5555-1003'),  (4,  '+502 5555-1004'),
  (5,  '+502 5555-1005'),  (6,  '+502 5555-1006'),
  (7,  '+502 5555-1007'),  (8,  '+502 5555-1008'),
  (9,  '+502 5555-1009'),  (10, '+502 5555-1010'),
  (11, '+502 5555-1011'),  (12, '+502 5555-1012'),
  (13, '+502 5555-1013'),  (14, '+502 5555-1014'),
  (15, '+502 5555-1015'),  (16, '+502 5555-1016'),
  (17, '+502 5555-1017'),  (18, '+502 5555-1018'),
  (19, '+502 5555-1019'),  (20, '+502 5555-1020'),
  (21, '+502 5555-1021'),  (22, '+502 5555-1022'),
  (23, '+502 5555-1023'),  (24, '+502 5555-1024'),
  (25, '+502 5555-1025'),  (26, '+502 5555-1026'),
  (27, '+502 5555-1027'),  (28, '+502 5555-1028'),
  (29, '+502 5555-1029'),  (30, '+502 5555-1030'),
  (31, '+502 5555-1031'),  (32, '+502 5555-1032'),
  (33, '+502 5555-1033'),  (34, '+502 5555-1034'),
  (35, '+502 5555-1035'),  (36, '+502 5555-1036'),
  (37, '+502 5555-1037'),  (38, '+502 5555-1038'),
  (39, '+502 5555-1039'),  (40, '+502 5555-1040'),
  (41, '+502 5555-1041'),  (42, '+502 5555-1042'),
  (43, '+502 5555-1043'),  (44, '+502 5555-1044'),
  (45, '+502 5555-1045'),  (46, '+502 5555-1046'),
  (47, '+502 5555-1047'),  (48, '+502 5555-1048'),
  (49, '+502 5555-1049'),  (50, '+502 5555-1050');


-- Inserts para la tabla venta
INSERT INTO venta (entrada_id, cliente_id, fecha_venta) VALUES
  (1,  1,  '2023-01-01'),
  (2,  2,  '2023-01-02'),
  (3,  3,  '2023-01-03'),
  (4,  4,  '2023-01-04'),
  (5,  5,  '2023-01-05'),
  (6,  6,  '2023-01-06'),
  (7,  7,  '2023-01-07'),
  (8,  8,  '2023-01-08'),
  (9,  9,  '2023-01-09'),
  (10, 10, '2023-01-10'),
  (11, 11, '2023-01-11'),
  (12, 12, '2023-01-12'),
  (13, 13, '2023-01-13'),
  (14, 14, '2023-01-14'),
  (15, 15, '2023-01-15'),
  (16, 16, '2023-01-16'),
  (17, 17, '2023-01-17'),
  (18, 18, '2023-01-18'),
  (19, 19, '2023-01-19'),
  (20, 20, '2023-01-20'),
  (21, 21, '2023-01-21'),
  (22, 22, '2023-01-22'),
  (23, 23, '2023-01-23'),
  (24, 24, '2023-01-24'),
  (25, 25, '2023-01-25'),
  (26, 26, '2023-01-26'),
  (27, 27, '2023-01-27'),
  (28, 28, '2023-01-28'),
  (29, 29, '2023-01-29'),
  (30, 30, '2023-01-30'),
  (31, 31, '2023-01-31'),
  (32, 32, '2023-02-01'),
  (33, 33, '2023-02-02'),
  (34, 34, '2023-02-03'),
  (35, 35, '2023-02-04'),
  (36, 36, '2023-02-05'),
  (37, 37, '2023-02-06'),
  (38, 38, '2023-02-07'),
  (39, 39, '2023-02-08'),
  (40, 40, '2023-02-09'),
  (41, 41, '2023-02-10'),
  (42, 42, '2023-02-11'),
  (43, 43, '2023-02-12'),
  (44, 44, '2023-02-13'),
  (45, 45, '2023-02-14'),
  (46, 46, '2023-02-15'),
  (47, 47, '2023-02-16'),
  (48, 48, '2023-02-17'),
  (49, 49, '2023-02-18'),
  (50, 50, '2023-02-19');

-- Inserts para la tabla pago
INSERT INTO pago (metodo_pago, monto, venta_id) VALUES
  ('Efectivo',      120.00, 1),
  ('Tarjeta',       250.50, 2),
  ('Transferencia',  75.25, 3),
  ('Criptomoneda', 300.00, 4),
  ('Efectivo',      180.40, 5),
  ('Tarjeta',       210.10, 6),
  ('Transferencia',  90.00, 7),
  ('Criptomoneda',  60.75, 8),
  ('Efectivo',      140.20, 9),
  ('Tarjeta',       330.99,10),
  ('Transferencia',100.00,11),
  ('Criptomoneda', 220.30,12),
  ('Efectivo',      155.55,13),
  ('Tarjeta',       275.75,14),
  ('Transferencia', 85.10,15),
  ('Criptomoneda', 195.20,16),
  ('Efectivo',      125.00,17),
  ('Tarjeta',       260.60,18),
  ('Transferencia', 95.45,19),
  ('Criptomoneda', 145.80,20),
  ('Efectivo',      170.00,21),
  ('Tarjeta',       290.35,22),
  ('Transferencia',105.90,23),
  ('Criptomoneda',  80.00,24),
  ('Efectivo',      200.20,25),
  ('Tarjeta',       310.00,26),
  ('Transferencia',115.15,27),
  ('Criptomoneda', 130.40,28),
  ('Efectivo',      160.60,29),
  ('Tarjeta',       240.75,30),
  ('Transferencia',125.25,31),
  ('Criptomoneda',  70.00,32),
  ('Efectivo',       90.10,33),
  ('Tarjeta',       195.95,34),
  ('Transferencia',135.50,35),
  ('Criptomoneda', 175.80,36),
  ('Efectivo',      185.00,37),
  ('Tarjeta',       265.25,38),
  ('Transferencia',145.35,39),
  ('Criptomoneda', 155.55,40),
  ('Efectivo',      215.45,41),
  ('Tarjeta',       295.65,42),
  ('Transferencia',165.15,43),
  ('Criptomoneda', 180.80,44),
  ('Efectivo',      230.00,45),
  ('Tarjeta',       320.20,46),
  ('Transferencia',175.45,47),
  ('Criptomoneda', 190.90,48),
  ('Efectivo',      210.10,49),
  ('Tarjeta',       305.30,50);

-- Inserts para la tabla equipamiento
INSERT INTO equipamiento (nombre, descripcion) VALUES
  ('Equipo_1',  'Descripción del equipamiento 1.'),
  ('Equipo_2',  'Descripción del equipamiento 2.'),
  ('Equipo_3',  'Descripción del equipamiento 3.'),
  ('Equipo_4',  'Descripción del equipamiento 4.'),
  ('Equipo_5',  'Descripción del equipamiento 5.'),
  ('Equipo_6',  'Descripción del equipamiento 6.'),
  ('Equipo_7',  'Descripción del equipamiento 7.'),
  ('Equipo_8',  'Descripción del equipamiento 8.'),
  ('Equipo_9',  'Descripción del equipamiento 9.'),
  ('Equipo_10', 'Descripción del equipamiento 10.'),
  ('Equipo_11', 'Descripción del equipamiento 11.'),
  ('Equipo_12', 'Descripción del equipamiento 12.'),
  ('Equipo_13', 'Descripción del equipamiento 13.'),
  ('Equipo_14', 'Descripción del equipamiento 14.'),
  ('Equipo_15', 'Descripción del equipamiento 15.'),
  ('Equipo_16', 'Descripción del equipamiento 16.'),
  ('Equipo_17', 'Descripción del equipamiento 17.'),
  ('Equipo_18', 'Descripción del equipamiento 18.'),
  ('Equipo_19', 'Descripción del equipamiento 19.'),
  ('Equipo_20', 'Descripción del equipamiento 20.'),
  ('Equipo_21', 'Descripción del equipamiento 21.'),
  ('Equipo_22', 'Descripción del equipamiento 22.'),
  ('Equipo_23', 'Descripción del equipamiento 23.'),
  ('Equipo_24', 'Descripción del equipamiento 24.'),
  ('Equipo_25', 'Descripción del equipamiento 25.'),
  ('Equipo_26', 'Descripción del equipamiento 26.'),
  ('Equipo_27', 'Descripción del equipamiento 27.'),
  ('Equipo_28', 'Descripción del equipamiento 28.'),
  ('Equipo_29', 'Descripción del equipamiento 29.'),
  ('Equipo_30', 'Descripción del equipamiento 30.'),
  ('Equipo_31', 'Descripción del equipamiento 31.'),
  ('Equipo_32', 'Descripción del equipamiento 32.'),
  ('Equipo_33', 'Descripción del equipamiento 33.'),
  ('Equipo_34', 'Descripción del equipamiento 34.'),
  ('Equipo_35', 'Descripción del equipamiento 35.'),
  ('Equipo_36', 'Descripción del equipamiento 36.'),
  ('Equipo_37', 'Descripción del equipamiento 37.'),
  ('Equipo_38', 'Descripción del equipamiento 38.'),
  ('Equipo_39', 'Descripción del equipamiento 39.'),
  ('Equipo_40', 'Descripción del equipamiento 40.'),
  ('Equipo_41', 'Descripción del equipamiento 41.'),
  ('Equipo_42', 'Descripción del equipamiento 42.'),
  ('Equipo_43', 'Descripción del equipamiento 43.'),
  ('Equipo_44', 'Descripción del equipamiento 44.'),
  ('Equipo_45', 'Descripción del equipamiento 45.'),
  ('Equipo_46', 'Descripción del equipamiento 46.'),
  ('Equipo_47', 'Descripción del equipamiento 47.'),
  ('Equipo_48', 'Descripción del equipamiento 48.'),
  ('Equipo_49', 'Descripción del equipamiento 49.'),
  ('Equipo_50', 'Descripción del equipamiento 50.');

-- Inserts para la tabla equipamientoevento
INSERT INTO equipamientoevento (evento_id, equipamiento_id) VALUES
  (1,  1),  (2,  2),  (3,  3),  (4,  4),  (5,  5),
  (6,  6),  (7,  7),  (8,  8),  (9,  9),  (10, 10),
  (11, 11), (12, 12), (13, 13), (14, 14), (15, 15),
  (16, 16), (17, 17), (18, 18), (19, 19), (20, 20),
  (21, 21), (22, 22), (23, 23), (24, 24), (25, 25),
  (26, 26), (27, 27), (28, 28), (29, 29), (30, 30),
  (31, 31), (32, 32), (33, 33), (34, 34), (35, 35),
  (36, 36), (37, 37), (38, 38), (39, 39), (40, 40),
  (41, 41), (42, 42), (43, 43), (44, 44), (45, 45),
  (46, 46), (47, 47), (48, 48), (49, 49), (50, 50);

-- Inserts para la tabla staff
INSERT INTO staff (nombre, rol, contacto) VALUES
  ('Staff_1',  'Seguridad',  'staff1@contacto.com'),
  ('Staff_2',  'Sonidista',  'staff2@contacto.com'),
  ('Staff_3',  'Iluminación','staff3@contacto.com'),
  ('Staff_4',  'Logística',  'staff4@contacto.com'),
  ('Staff_5',  'Producción', 'staff5@contacto.com'),
  ('Staff_6',  'Seguridad',  'staff6@contacto.com'),
  ('Staff_7',  'Sonidista',  'staff7@contacto.com'),
  ('Staff_8',  'Iluminación','staff8@contacto.com'),
  ('Staff_9',  'Logística',  'staff9@contacto.com'),
  ('Staff_10', 'Producción', 'staff10@contacto.com'),
  ('Staff_11', 'Seguridad',  'staff11@contacto.com'),
  ('Staff_12', 'Sonidista',  'staff12@contacto.com'),
  ('Staff_13', 'Iluminación','staff13@contacto.com'),
  ('Staff_14', 'Logística',  'staff14@contacto.com'),
  ('Staff_15', 'Producción', 'staff15@contacto.com'),
  ('Staff_16', 'Seguridad',  'staff16@contacto.com'),
  ('Staff_17', 'Sonidista',  'staff17@contacto.com'),
  ('Staff_18', 'Iluminación','staff18@contacto.com'),
  ('Staff_19', 'Logística',  'staff19@contacto.com'),
  ('Staff_20', 'Producción', 'staff20@contacto.com'),
  ('Staff_21', 'Seguridad',  'staff21@contacto.com'),
  ('Staff_22', 'Sonidista',  'staff22@contacto.com'),
  ('Staff_23', 'Iluminación','staff23@contacto.com'),
  ('Staff_24', 'Logística',  'staff24@contacto.com'),
  ('Staff_25', 'Producción', 'staff25@contacto.com'),
  ('Staff_26', 'Seguridad',  'staff26@contacto.com'),
  ('Staff_27', 'Sonidista',  'staff27@contacto.com'),
  ('Staff_28', 'Iluminación','staff28@contacto.com'),
  ('Staff_29', 'Logística',  'staff29@contacto.com'),
  ('Staff_30', 'Producción', 'staff30@contacto.com'),
  ('Staff_31', 'Seguridad',  'staff31@contacto.com'),
  ('Staff_32', 'Sonidista',  'staff32@contacto.com'),
  ('Staff_33', 'Iluminación','staff33@contacto.com'),
  ('Staff_34', 'Logística',  'staff34@contacto.com'),
  ('Staff_35', 'Producción', 'staff35@contacto.com'),
  ('Staff_36', 'Seguridad',  'staff36@contacto.com'),
  ('Staff_37', 'Sonidista',  'staff37@contacto.com'),
  ('Staff_38', 'Iluminación','staff38@contacto.com'),
  ('Staff_39', 'Logística',  'staff39@contacto.com'),
  ('Staff_40', 'Producción', 'staff40@contacto.com'),
  ('Staff_41', 'Seguridad',  'staff41@contacto.com'),
  ('Staff_42', 'Sonidista',  'staff42@contacto.com'),
  ('Staff_43', 'Iluminación','staff43@contacto.com'),
  ('Staff_44', 'Logística',  'staff44@contacto.com'),
  ('Staff_45', 'Producción', 'staff45@contacto.com'),
  ('Staff_46', 'Seguridad',  'staff46@contacto.com'),
  ('Staff_47', 'Sonidista',  'staff47@contacto.com'),
  ('Staff_48', 'Iluminación','staff48@contacto.com'),
  ('Staff_49', 'Logística',  'staff49@contacto.com'),
  ('Staff_50', 'Producción', 'staff50@contacto.com');

-- Inserts para la tabla staffevento
INSERT INTO staffevento (evento_id, staff_id) VALUES
  (1,  1),  (2,  2),  (3,  3),  (4,  4),  (5,  5),
  (6,  6),  (7,  7),  (8,  8),  (9,  9),  (10, 10),
  (11, 11), (12, 12), (13, 13), (14, 14), (15, 15),
  (16, 16), (17, 17), (18, 18), (19, 19), (20, 20),
  (21, 21), (22, 22), (23, 23), (24, 24), (25, 25),
  (26, 26), (27, 27), (28, 28), (29, 29), (30, 30),
  (31, 31), (32, 32), (33, 33), (34, 34), (35, 35),
  (36, 36), (37, 37), (38, 38), (39, 39), (40, 40),
  (41, 41), (42, 42), (43, 43), (44, 44), (45, 45),
  (46, 46), (47, 47), (48, 48), (49, 49), (50, 50);

-- Inserts para la tabla resena
INSERT INTO resena (calificacion, comentario, venta_id) VALUES
  (1, 'Comentario de reseña 1.',  1),
  (2, 'Comentario de reseña 2.',  2),
  (3, 'Comentario de reseña 3.',  3),
  (4, 'Comentario de reseña 4.',  4),
  (5, 'Comentario de reseña 5.',  5),
  (1, 'Comentario de reseña 6.',  6),
  (2, 'Comentario de reseña 7.',  7),
  (3, 'Comentario de reseña 8.',  8),
  (4, 'Comentario de reseña 9.',  9),
  (5, 'Comentario de reseña 10.',10),
  (1, 'Comentario de reseña 11.',11),
  (2, 'Comentario de reseña 12.',12),
  (3, 'Comentario de reseña 13.',13),
  (4, 'Comentario de reseña 14.',14),
  (5, 'Comentario de reseña 15.',15),
  (1, 'Comentario de reseña 16.',16),
  (2, 'Comentario de reseña 17.',17),
  (3, 'Comentario de reseña 18.',18),
  (4, 'Comentario de reseña 19.',19),
  (5, 'Comentario de reseña 20.',20),
  (1, 'Comentario de reseña 21.',21),
  (2, 'Comentario de reseña 22.',22),
  (3, 'Comentario de reseña 23.',23),
  (4, 'Comentario de reseña 24.',24),
  (5, 'Comentario de reseña 25.',25),
  (1, 'Comentario de reseña 26.',26),
  (2, 'Comentario de reseña 27.',27),
  (3, 'Comentario de reseña 28.',28),
  (4, 'Comentario de reseña 29.',29),
  (5, 'Comentario de reseña 30.',30),
  (1, 'Comentario de reseña 31.',31),
  (2, 'Comentario de reseña 32.',32),
  (3, 'Comentario de reseña 33.',33),
  (4, 'Comentario de reseña 34.',34),
  (5, 'Comentario de reseña 35.',35),
  (1, 'Comentario de reseña 36.',36),
  (2, 'Comentario de reseña 37.',37),
  (3, 'Comentario de reseña 38.',38),
  (4, 'Comentario de reseña 39.',39),
  (5, 'Comentario de reseña 40.',40),
  (1, 'Comentario de reseña 41.',41),
  (2, 'Comentario de reseña 42.',42),
  (3, 'Comentario de reseña 43.',43),
  (4, 'Comentario de reseña 44.',44),
  (5, 'Comentario de reseña 45.',45),
  (1, 'Comentario de reseña 46.',46),
  (2, 'Comentario de reseña 47.',47),
  (3, 'Comentario de reseña 48.',48),
  (4, 'Comentario de reseña 49.',49),
  (5, 'Comentario de reseña 50.',50);

-- Inserts para la tabla participacionevento
INSERT INTO participacionevento (artista_id, evento_id) VALUES
  (1,  1),  (2,  2),  (3,  3),  (4,  4),  (5,  5),
  (6,  6),  (7,  7),  (8,  8),  (9,  9),  (10, 10),
  (11, 11), (12, 12), (13, 13), (14, 14), (15, 15),
  (16, 16), (17, 17), (18, 18), (19, 19), (20, 20),
  (21, 21), (22, 22), (23, 23), (24, 24), (25, 25),
  (26, 26), (27, 27), (28, 28), (29, 29), (30, 30),
  (31, 31), (32, 32), (33, 33), (34, 34), (35, 35),
  (36, 36), (37, 37), (38, 38), (39, 39), (40, 40),
  (41, 41), (42, 42), (43, 43), (44, 44), (45, 45),
  (46, 46), (47, 47), (48, 48), (49, 49), (50, 50);
